title,views,views_per_year
Swen Guenther,1100,550
Swen Günther,1200,600
Sven Guenther,1300,650
Sven Günther,1400,700
Svend Guenther,1500,750
Svend Günther,1600,800
Swen G.,1700,850
Swen G,1800,900
S. Guenther,1900,950
S. Günther,2000,1000
S Guenther,2100,1050
S Günther,2200,1100
Swen Gunther,2300,1150
Swen Guenter,2400,1200
Swen Guenther,2500,1250
Swen Günter,2600,1300
Swen Güntherr,2700,1350
Swan Guenther,2800,1400
Swen Gunter,2900,1450
Swen Guenter,3000,1500
Sven Gunther,3100,1550
Swen Gunthar,3200,1600
swen guenther,3300,1650
swen günther,3400,1700
SWEN GUENTHER,3500,1750
SWEN GÜNTHER,3600,1800
Swen GUENTHER,3700,1850
SWEN Guenther,3800,1900
Swen M. Guenther,3900,1950
Swen M Guenther,4000,2000
Swen M. Günther,4100,2050
Dr. Swen Guenther,4200,2100
Prof. Swen Guenther,4300,2150
Mr. Swen Guenther,4400,2200
Swen Guenther PhD,4500,2250
"Swen Guenther, Dr.",4600,2300
Swen Guenther wird gesucht,4700,2350
"Guenther, Swen",4800,2400
"Günther, Swen",4900,2450
Guenther Swen,5000,2500
Swen Guenther Google,5100,2550
Swen Guenther LinkedIn,5200,2600
Swen Guenther Xing,5300,2650
Swen Guenther Facebook,5400,2700
Swen Guenther Berlin,5500,2750
Swen Guenther München,5600,2800
Swen Guenther Hamburg,5700,2850
Swen Guenther Deutschland,5800,2900
